tx_id,time_step,feat_0,feat_1,feat_2,feat_3,feat_4,feat_5,feat_6,feat_7,feat_8,feat_9,feat_10,feat_11,feat_12,feat_13,feat_14,feat_15,feat_16,feat_17,feat_18,feat_19,feat_20,feat_21,feat_22,feat_23,feat_24,feat_25,feat_26,feat_27,feat_28,feat_29,feat_30,feat_31,feat_32,feat_33,feat_34,feat_35,feat_36,feat_37,feat_38,feat_39,feat_40,feat_41,feat_42,feat_43,feat_44,feat_45,feat_46,feat_47,feat_48,feat_49,feat_50,feat_51,feat_52,feat_53,feat_54,feat_55,feat_56,feat_57,feat_58,feat_59,feat_60,feat_61,feat_62,feat_63,feat_64,feat_65,feat_66,feat_67,feat_68,feat_69,feat_70,feat_71,feat_72,feat_73,feat_74,feat_75,feat_76,feat_77,feat_78,feat_79,feat_80,feat_81,feat_82,feat_83,feat_84,feat_85,feat_86,feat_87,feat_88,feat_89,feat_90,feat_91,feat_92,feat_93,feat_94,feat_95,feat_96,feat_97,feat_98,feat_99,feat_100,feat_101,feat_102,feat_103,feat_104,feat_105,feat_106,feat_107,feat_108,feat_109,feat_110,feat_111,feat_112,feat_113,feat_114,feat_115,feat_116,feat_117,feat_118,feat_119,feat_120,feat_121,feat_122,feat_123,feat_124,feat_125,feat_126,feat_127,feat_128,feat_129,feat_130,feat_131,feat_132,feat_133,feat_134,feat_135,feat_136,feat_137,feat_138,feat_139,feat_140,feat_141,feat_142,feat_143,feat_144,feat_145,feat_146,feat_147,feat_148,feat_149,feat_150,feat_151,feat_152,feat_153,feat_154,feat_155,feat_156,feat_157,feat_158,feat_159,feat_160,feat_161,feat_162,feat_163,feat_164
30179316,37,-0.15078838169574738,37.4988899230957,1.2334486246109009,13.944430351257324,-0.051132965832948685,15.699543952941895,-0.08256623893976212,-0.12886066734790802,-0.15571686625480652,-0.08819752931594849,-0.14263753592967987,0.256218820810318,0.42458033561706543,-0.051123399287462234,-0.014782257378101349,0.015025975182652473,-0.14593826234340668,-0.21179156005382538,-0.16012653708457947,0.05303601175546646,0.05147475376725197,-0.2579255700111389,-0.313463419675827,-0.20492012798786163,-0.3201856315135956,0.18949399888515472,0.3997434675693512,-0.25792282819747925,-0.31345951557159424,-0.20492003858089447,-0.32018300890922546,0.18971508741378784,0.3999623656272888,-0.06661432236433029,-0.0781322568655014,-0.04594626650214195,-0.07451064139604568,-0.008954036980867386,-0.008166229352355003,-0.318819522857666,-0.3703281283378601,-0.18583713471889496,-0.3531201183795929,0.12365473806858063,0.1372794657945633,-0.3182245194911957,-0.3884255588054657,-0.25665464997291565,-0.35701093077659607,-0.06931890547275543,-0.05547690391540527,-0.6517643332481384,-0.9950006604194641,-0.5269501805305481,-0.8751403093338013,0.30452269315719604,0.9344796538352966,-0.10238903015851974,-0.3871609568595886,-0.373327374458313,-0.38342440128326416,-0.2195539027452469,-0.21956492960453033,-0.10238461941480637,-0.38715070486068726,-0.3733186423778534,-0.38341614603996277,-0.22009901702404022,-0.22017858922481537,-0.027712054550647736,-0.045403461903333664,-0.031025324016809464,-0.02764982171356678,-0.34087756276130676,-0.3408975601196289,-0.1299380511045456,-0.41307538747787476,-0.4003961384296417,-0.41293254494667053,-0.3044172525405884,-0.29975003004074097,-0.11646962910890579,-0.45771947503089905,-0.4474451541900635,-0.46018099784851074,-0.3197062015533447,-0.3150494396686554,-0.35136163234710693,-0.9422103762626648,-0.8295658230781555,-0.8868467211723328,-0.28900906443595886,-0.29570263624191284,-0.11877217143774033,-0.12166855484247208,-0.1915973573923111,-0.16384057700634003,0.6949203610420227,0.4950106739997864,1.8865989446640015,2.1142418384552,-0.13657201826572418,2.089926242828369,-0.8432672619819641,-1.088889241218567,-0.13934794068336487,0.15197481215000153,0.16776004433631897,-0.013973412103950977,0.7668644189834595,0.7511802315711975,0.3886130154132843,1.2801493406295776,0.2891387343406677,1.3979190587997437,-0.016454659402370453,0.22436024248600006,-0.14101901650428772,-0.07972533255815506,-0.06740190088748932,-0.166765958070755,-0.4356023967266083,-0.33982303738594055,-0.15999388694763184,-0.25896066427230835,-0.18545959889888763,-0.2272743284702301,0.7630413174629211,0.6998242735862732,0.7460245490074158,-0.0803580954670906,-0.1292320042848587,0.01173839159309864,0.08273601531982422,0.08231254667043686,1.9222346544265747,1.2220371961593628,-0.2911671996116638,1.6976115703582764,0.06904520094394684,0.06404055655002594,5.4198408126831055,1.069831371307373,-0.40396130084991455,2.799166202545166,0.1668301373720169,0.1645643264055252,2.5992913246154785,1.3681998252868652,-0.948861300945282,2.238971471786499,0.20481106638908386,0.2047460526227951,0.6003037691116333,-0.3335399329662323,-0.5102864503860474,-0.09133095294237137,0.18502384424209595,0.18542353808879852,0.043419770896434784,-0.060304634273052216,-0.0745183601975441,-0.07898072153329849,-0.12223582714796066,-0.12017253786325455
29157617,37,0.37831610441207886,17.29058837890625,2.323599338531494,4.565629005432129,-0.051132965832948685,5.118443965911865,-0.08256623893976212,-0.1288674920797348,-0.06665261089801788,-0.03780278190970421,-0.136297345161438,0.3185743987560272,-0.06824938207864761,-0.051123399287462234,-0.014782257378101349,3.103069543838501,0.41397330164909363,-0.21179156005382538,1.7441691160202026,0.05303601175546646,0.05147475376725197,-0.2579255700111389,-0.3118877112865448,-0.20461246371269226,-0.32013338804244995,0.2862885892391205,0.23684819042682648,-0.25792279839515686,-0.311883807182312,-0.2046123743057251,-0.32013076543807983,0.28651148080825806,0.23707987368106842,-0.06661432236433029,-0.0781322568655014,-0.04594626650214195,-0.07451064139604568,-0.008954036980867386,-0.008166229352355003,-0.318819522857666,-0.3551887273788452,-0.18089690804481506,-0.35263070464134216,0.09279565513134003,0.30374205112457275,-0.3182245194911957,-0.3732507526874542,-0.24900557100772858,-0.3565331995487213,0.09712360054254532,0.32223403453826904,-0.6516811847686768,1.8949201107025146,1.0748146772384644,0.01944463700056076,0.43607214093208313,0.3477862477302551,3.5303869247436523,-0.05457727983593941,-0.373327374458313,0.27804800868034363,-0.2195539027452469,-0.21956492960453033,3.5304181575775146,-0.054563261568546295,-0.3733186423778534,0.2780565023422241,-0.22009901702404022,-0.22017858922481537,-0.027567828074097633,-0.04539715498685837,-0.031025324016809464,-0.027635708451271057,-0.34087756276130676,-0.3408975601196289,36.825801849365234,2.0559065341949463,-0.4003961384296417,4.597641944885254,-0.3044172525405884,-0.29975003004074097,40.013671875,2.7191896438598633,-0.4474451541900635,6.042445182800293,-0.3197062015533447,-0.3150494396686554,1.247645378112793,-0.373129278421402,-0.8295658230781555,0.11183283478021622,-0.28900906443595886,-0.29570263624191284,-0.11875367909669876,2.0180187225341797,1.760989785194397,0.13006606698036194,0.08920637518167496,0.1401187628507614,1.8862658739089966,2.1142899990081787,-0.13565047085285187,2.0897562503814697,-1.074699878692627,-1.081687331199646,-0.1309381127357483,11.516170501708984,3.0949044227600098,0.27891072630882263,-0.0032300171442329884,0.1071099117398262,-0.6726574897766113,1.753035545349121,0.935436487197876,1.1153650283813477,0.27053025364875793,0.24230597913265228,-0.14101901650428772,0.7277825474739075,0.2497069239616394,-0.10065346956253052,0.20858892798423767,0.354361891746521,-0.15999388694763184,0.27451011538505554,-0.08145646750926971,-0.22148312628269196,0.009900911711156368,0.22884443402290344,1.0991675853729248,-0.0503038726747036,-0.1292320042848587,0.07479607313871384,0.08273601531982422,0.08231254667043686,1.9203029870986938,1.220623254776001,-0.2911671996116638,1.6958191394805908,0.06904520094394684,0.06404055655002594,-0.12115968018770218,-0.4143765866756439,-0.40396130084991455,-0.39915958046913147,0.1668301373720169,0.1645643264055252,1.47382652759552,0.37328457832336426,-0.948861300945282,1.0222387313842773,0.20481106638908386,0.2047460526227951,-0.25348806381225586,-0.570091724395752,-0.5102864503860474,-0.5586898922920227,0.18502384424209595,0.18542353808879852,0.043419770896434784,-0.060304634273052216,-0.0745183601975441,-0.07898072153329849,-0.12223582714796066,-0.12017253786325455
1360579,37,-0.15173135697841644,0.8501461744308472,1.7785239219665527,-0.12377171963453293,0.1776461899280548,-0.11866574734449387,-0.08256623893976212,-0.12855367362499237,-0.14285631477832794,-0.05036062002182007,-0.13462302088737488,1.9192265272140503,1.8346054553985596,0.17765575647354126,-0.014782257378101349,-0.06958874315023422,-0.15388576686382294,-0.20783929526805878,-0.21038569509983063,0.11436604708433151,0.00209583668038249,-0.2579241096973419,-0.31346192955970764,-0.20491923391819,-0.3201839327812195,-1.6502803564071655,-1.643404483795166,-0.25792136788368225,-0.31345805525779724,-0.20491914451122284,-0.32018133997917175,-1.650093674659729,-1.6430251598358154,-0.06661432236433029,-0.0781322568655014,-0.04594626650214195,-0.07451064139604568,-0.008954036980867386,-0.008166229352355003,-0.318819522857666,-0.37012141942977905,-0.18538294732570648,-0.3530041575431824,-1.9213004112243652,-1.8998039960861206,-0.3182245194911957,-0.3881886601448059,-0.2558533251285553,-0.3568854033946991,-1.9230875968933105,-1.901694893836975,-0.6514363884925842,0.7053550481796265,2.313410758972168,0.11351682990789413,-1.7901939153671265,-1.7849982976913452,-0.1023988351225853,-0.3865995705127716,-0.37315574288368225,-0.3833603858947754,0.06463436782360077,-0.31760507822036743,-0.10239442437887192,-0.38658931851387024,-0.37314701080322266,-0.3833521008491516,0.06413232535123825,-0.3182368874549866,-0.027712054550647736,-0.04540343955159187,-0.031025316566228867,-0.02764981985092163,0.16468392312526703,0.16480351984500885,-0.1299380511045456,-0.4022713005542755,-0.3972785472869873,-0.41180118918418884,0.03877037391066551,-0.4532093107700348,-0.11646962910890579,-0.4510855972766876,-0.4455150365829468,-0.45943483710289,0.016100596636533737,-0.4705519378185272,-0.35258013010025024,1.303511619567871,0.25759580731391907,-0.3072938024997711,-0.2220943421125412,-0.3426114618778229,-0.11868403106927872,-0.23673762381076813,-0.23555177450180054,-0.16873867809772491,1.8653066158294678,1.8533154726028442,1.8855581283569336,2.1128947734832764,-0.13680574297904968,2.0886287689208984,0.009191688150167465,0.011447391472756863,-0.0145630007609725,0.10569612681865692,0.385043740272522,0.14610257744789124,2.1502130031585693,2.1543877124786377,0.9192482233047485,1.2801493406295776,1.0598822832107544,1.2293047904968262,2.5605385303497314,2.5579450130462646,-0.0339229479432106,-0.13019457459449768,-0.07441487163305283,-0.05384211614727974,2.262988328933716,2.259918451309204,-0.15894481539726257,-0.2659299969673157,-0.18186548352241516,-0.22713926434516907,2.4289464950561523,2.4292683601379395,-0.1823042333126068,0.7238277196884155,0.13737109303474426,-0.05829312279820442,0.034605443477630615,-0.15215237438678741,1.9200834035873413,1.712220311164856,-0.007826984860002995,1.724427342414856,-0.15087442100048065,0.08140595257282257,-0.13970202207565308,10.609583854675293,3.469364643096924,3.7983953952789307,-0.16905276477336884,0.28730249404907227,-0.777103066444397,1.8656574487686157,0.390603244304657,0.9492347836494446,0.3043114244937897,0.1727709174156189,-0.25348806381225586,3.1763768196105957,0.8026896119117737,1.1025816202163696,-0.12702226638793945,0.037131473422050476,-0.15259209275245667,0.28719380497932434,0.17368896305561066,-0.009447905234992504,-0.07748456299304962,-0.1871023327112198
114655562,38,-0.009440838359296322,8.693180084228516,2.323599338531494,2.8130245208740234,-0.04160049930214882,2.5533292293548584,0.41606712341308594,-0.12885847687721252,-0.1113101914525032,-0.0638425350189209,-0.13980071246623993,0.056307535618543625,0.29245880246162415,-0.04159093648195267,-0.014782257378101349,-0.06889986246824265,0.0035047046840190887,0.09939135611057281,0.06812892109155655,1.2147191762924194,1.20609450340271,-0.2579255700111389,-0.3134298622608185,-0.20491203665733337,-0.3201834261417389,-0.08828897774219513,0.16643498837947845,-0.25792282819747925,-0.3134259581565857,-0.2049119472503662,-0.3201808035373688,-0.08807308226823807,0.16667219996452332,-0.06661432236433029,-0.0781322568655014,-0.04594626650214195,-0.07451064139604568,-0.008954036980867386,-0.008166229352355003,-0.318819522857666,-0.36985158920288086,-0.1855752021074295,-0.3530665636062622,-0.07348504662513733,-0.017094811424613,-0.3182245194911957,-0.38790568709373474,-0.25621822476387024,-0.3569668233394623,-0.1268330067396164,-0.06300432235002518,-0.651777982711792,-0.48741042613983154,-0.34232813119888306,-0.8400927186012268,0.07083737105131149,-0.12467420101165771,-0.10239875316619873,-0.38715219497680664,-0.3733176290988922,-0.3834165930747986,0.967300534248352,0.9639829397201538,-0.10239434242248535,-0.38714197278022766,-0.373308926820755,-0.3834083378314972,0.9669352173805237,0.9635883569717407,-0.027712054550647736,-0.045403461903333664,-0.031025324016809464,-0.02764982171356678,-0.34087756276130676,-0.3408975601196289,-0.1299380511045456,-0.41307538747787476,-0.4003961384296417,-0.41293254494667053,-0.3044172525405884,-0.29975003004074097,-0.11646962910890579,-0.45771947503089905,-0.4474451541900635,-0.46018099784851074,-0.3197062015533447,-0.3150494396686554,-0.35255685448646545,-0.9426023960113525,-0.8295286297798157,-0.887563943862915,0.9343951344490051,0.9280715584754944,-0.1187727153301239,0.3643227517604828,0.21284493803977966,-0.10525169968605042,-0.2651492953300476,0.29169222712516785,1.9704822301864624,2.211137056350708,-0.13664543628692627,2.18491530418396,0.3817833662033081,0.5059098601341248,-0.12155520915985107,11.541714668273926,5.547335624694824,0.7199043035507202,-0.5741486549377441,-0.17972980439662933,-0.6726574897766113,1.753035545349121,0.9801962971687317,0.9467442035675049,-0.27299949526786804,-0.28144973516464233,-0.14101901650428772,2.6960830688476562,1.1274840831756592,-0.0016078557819128036,0.3867872953414917,0.20115484297275543,-0.15999388694763184,0.2776780128479004,0.010330495424568653,-0.20761388540267944,-0.7119156122207642,-0.6539813280105591,0.07644401490688324,-0.10807137936353683,-0.09789454936981201,-0.07711523026227951,1.2571085691452026,1.258139729499817,2.0087239742279053,1.2855353355407715,-0.29077261686325073,1.7779840230941772,1.2907212972640991,1.2804992198944092,1.286423921585083,0.2584749758243561,-0.013543803244829178,0.7320420742034912,-1.114527702331543,-1.1162503957748413,2.0365588665008545,1.3681998252868652,-0.371734619140625,1.9347883462905884,-1.2373605966567993,-1.2370518445968628,-0.23041260242462158,-0.3335399329662323,-0.22113005816936493,-0.3186947703361511,-1.1010075807571411,-1.0993070602416992,0.043419770896434784,0.5407737493515015,1.4155406951904297,2.3395519256591797,1.6303517818450928,1.6348881721496582
114641619,38,0.5741643905639648,-0.02235897071659565,1.2334486246109009,-0.1711394041776657,-0.04160049930214882,-0.17210564017295837,-0.08256623893976212,0.7663113474845886,0.6236751675605774,-0.08865486085414886,0.7361070513725281,0.19944046437740326,0.17105481028556824,-0.04159093648195267,-0.014782257378101349,-0.05636753886938095,0.6188179850578308,1.257947325706482,1.1183533668518066,1.2147191762924194,1.20609450340271,0.33104097843170166,0.03709997236728668,-0.20492014288902283,0.16415008902549744,0.12994655966758728,0.12535522878170013,0.3310665786266327,0.037108272314071655,-0.20492005348205566,0.16416475176811218,0.13016654551029205,0.12559565901756287,-0.06659157574176788,-0.07811245322227478,-0.04594626650214195,-0.07448851317167282,-0.008954036980867386,-0.008166229352355003,3.02887225151062,2.534395933151245,-0.18583887815475464,2.819882869720459,0.07249366492033005,0.0863153263926506,3.107067584991455,2.9079134464263916,-0.2566564083099365,3.0425479412078857,0.0697806254029274,0.08305604755878448,0.07602622359991074,-0.36669179797172546,-0.5269615650177002,-0.14456945657730103,-0.01488375011831522,-0.007376745343208313,-0.10234998166561127,-0.05457727983593941,-0.03717063367366791,-0.05268465355038643,0.967300534248352,0.9639829397201538,-0.10234557092189789,-0.054563261568546295,-0.03716139867901802,-0.05267626419663429,0.9669352173805237,0.9635883569717407,-0.027712054550647736,-0.04539715498685837,-0.031018385663628578,-0.027642764151096344,1.6435660123825073,1.6440939903259277,-0.12847721576690674,2.0559065341949463,2.1160330772399902,2.092453718185425,1.0748631954193115,1.0802251100540161,-0.11486737430095673,2.7191896438598633,2.819344997406006,2.791261911392212,1.078129768371582,1.0832996368408203,1.247645378112793,-0.2331090271472931,-0.673551082611084,0.2346934974193573,-1.5124132633209229,-1.5194768905639648,0.057267751544713974,-0.09749778360128403,-0.24564185738563538,0.0007413761923089623,0.0933176726102829,0.08703434467315674,1.9705655574798584,2.211137056350708,-0.13680574297904968,2.184924840927124,0.009191688150167465,0.011447391472756863,-0.08850666135549545,-0.23675690591335297,-0.21418386697769165,-0.170803964138031,-0.017225634306669235,-0.018511027097702026,1.4498834609985352,0.807263195514679,-0.5705063343048096,1.2293047904968262,-0.030752060934901237,-0.03056388907134533,-0.14101901650428772,-0.23113305866718292,-0.18327513337135315,-0.19711323082447052,-0.05244185030460358,-0.05628793686628342,-0.15894481539726257,-0.2792350947856903,-0.20239564776420593,-0.23666797578334808,3.554485738277435e-05,-0.0010864015202969313,0.08203641325235367,-0.011465542018413544,0.005020696669816971,0.024729887023568153,1.2571085691452026,1.258139729499817,2.008636236190796,1.2854068279266357,-0.29090416431427,1.7778617143630981,-1.1526309251785278,-1.1524180173873901,-0.11128441244363785,0.5782854557037354,0.9026554226875305,0.6732363104820251,-1.114527702331543,-1.1162503957748413,1.47382652759552,1.3681998252868652,0.20539210736751556,1.6306051015853882,-1.2373605966567993,-1.2370518445968628,-0.25348806381225586,-0.29518017172813416,-0.16490520536899567,-0.2871164381504059,-1.1010075807571411,-1.0993070602416992,0.043419770896434784,-0.060304634273052216,-0.0745183601975441,-0.07898072153329849,-0.12223582714796066,-0.12017253786325455
28228839,38,0.5718843936920166,-0.02235897071659565,1.2334486246109009,-0.1711394041776657,-0.04160049930214882,-0.17210564017295837,-0.08256623893976212,0.7635511755943298,0.6212682723999023,-0.08865486085414886,0.7333974242210388,0.19944046437740326,0.17105481028556824,-0.04159093648195267,-0.014782257378101349,-0.061993371695280075,0.617425262928009,1.257243037223816,1.1142503023147583,1.2147191762924194,1.20609450340271,0.33104097843170166,0.03709997236728668,-0.20492014288902283,0.16415008902549744,0.12994655966758728,0.12535522878170013,0.3310665786266327,0.037108272314071655,-0.20492005348205566,0.16416475176811218,0.13016654551029205,0.12559565901756287,-0.06659157574176788,-0.07811245322227478,-0.04594626650214195,-0.07448851317167282,-0.008954036980867386,-0.008166229352355003,3.02887225151062,2.534395933151245,-0.18583887815475464,2.819882869720459,0.07249366492033005,0.0863153263926506,3.107067584991455,2.9079134464263916,-0.2566564083099365,3.0425479412078857,0.0697806254029274,0.08305604755878448,0.07602622359991074,-0.36669179797172546,-0.5269615650177002,-0.14456945657730103,-0.01488375011831522,-0.007376745343208313,-0.10239794850349426,-0.05457727983593941,-0.03716619312763214,-0.052689019590616226,0.967300534248352,0.9639829397201538,-0.10239354521036148,-0.054563261568546295,-0.037156958132982254,-0.05268063396215439,0.9669352173805237,0.9635883569717407,-0.027712054550647736,-0.04539715498685837,-0.031018385663628578,-0.027642764151096344,1.6435660123825073,1.6440939903259277,-0.1299380511045456,2.0559065341949463,2.1161324977874756,2.0923547744750977,1.0748631954193115,1.0802251100540161,-0.11646962910890579,2.7191896438598633,2.8194756507873535,2.7911322116851807,1.078129768371582,1.0832996368408203,-0.3432418704032898,-0.373129278421402,-0.19869862496852875,-0.3849712908267975,0.9343951344490051,0.9280715584754944,0.05713031813502312,-0.09760962426662445,-0.24564185738563538,0.0006071471143513918,0.0933176726102829,0.08703434467315674,1.9706071615219116,2.2111852169036865,-0.13680574297904968,2.184972047805786,0.009191688150167465,0.011447391472756863,-0.08850666135549545,-0.23675690591335297,-0.21418386697769165,-0.170803964138031,-0.017225634306669235,-0.018511027097702026,1.4498834609985352,0.807263195514679,-0.5705063343048096,1.2293047904968262,-0.030752060934901237,-0.03056388907134533,-0.14101901650428772,-0.23113305866718292,-0.18327513337135315,-0.19711323082447052,-0.05244185030460358,-0.05628793686628342,-0.15894481539726257,-0.2792350947856903,-0.20239564776420593,-0.23666797578334808,3.554485738277435e-05,-0.0010864015202969313,1.552423119544983,0.016621457412838936,-0.09887979924678802,0.1854720413684845,-1.0916365385055542,-1.0935146808624268,2.008636236190796,1.2962040901184082,-0.2688083052635193,1.784705400466919,-1.1526309251785278,-1.1524180173873901,-0.11279233545064926,5.077628135681152,6.841386795043945,5.520627498626709,-1.114527702331543,-1.1162503957748413,1.47382652759552,1.3681998252868652,0.20539210736751556,1.6306051015853882,-1.2373605966567993,-1.2370518445968628,-0.25348806381225586,1.021837830543518,1.489711880683899,1.0139098167419434,-1.1010075807571411,-1.0993070602416992,-0.15259209275245667,-0.060304634273052216,-0.05123618617653847,-0.11677029728889465,1.6303517818450928,1.6348881721496582
148549354,39,-0.13690711557865143,0.11493384838104248,0.6883732676506042,-0.1711394041776657,-0.04160049930214882,-0.17210564017295837,-0.08256623893976212,-0.09449196606874466,-0.126951202750206,-0.08865486085414886,-0.108950674533844,0.19944046437740326,0.17105481028556824,-0.04159093648195267,-0.014782257378101349,-0.036456089466810226,-0.1372658610343933,-0.17776116728782654,-0.1612524837255478,1.2147191762924194,1.20609450340271,-0.21456840634346008,-0.2876565158367157,-0.20492014288902283,-0.284530907869339,0.12994655966758728,0.12535522878170013,-0.21456396579742432,-0.28765231370925903,-0.20492005348205566,-0.28452742099761963,0.13016654551029205,0.12559565901756287,-0.0665961429476738,-0.07811643183231354,-0.04594626650214195,-0.07449295371770859,-0.008954036980867386,-0.008166229352355003,0.7881386280059814,0.590153157711029,-0.18583887815475464,0.6960748434066772,0.07249366492033005,0.0863153263926506,0.8201934099197388,0.7071296572685242,-0.2566564083099365,0.7728543877601624,0.0697806254029274,0.08305604755878448,0.17371897399425507,-0.28234466910362244,-0.5269615650177002,-0.04650319740176201,-0.01488375011831522,-0.007376745343208313,-0.10239432007074356,-0.3626784086227417,-0.3485810458660126,-0.3590783476829529,0.967300534248352,0.9639829397201538,-0.10238991677761078,-0.36266788840293884,-0.3485722839832306,-0.3590700626373291,0.9669352173805237,0.9635883569717407,-0.027712054550647736,-0.045398421585559845,-0.031019777059555054,-0.02764417976140976,1.6435660123825073,1.6440939903259277,-0.12964588403701782,0.4033258557319641,0.43170714378356934,0.41549333930015564,1.0748631954193115,1.0802251100540161,-0.1161491796374321,0.5981467962265015,0.638310968875885,0.620439887046814,1.078129768371582,1.0832996368408203,0.8745105862617493,-0.29668423533439636,-0.5964216589927673,0.062386512756347656,0.9343951344490051,0.9280715584754944,-0.11165527254343033,-0.2349661886692047,-0.24564185738563538,-0.16424323618412018,0.0933176726102829,0.08703434467315674,2.0544071197509766,2.308032274246216,-0.13680574297904968,2.279900550842285,0.009191688150167465,0.011447391472756863,-0.02175244502723217,-0.20146289467811584,-0.21418386697769165,-0.11217492073774338,-0.017225634306669235,-0.018511027097702026,0.9192482233047485,0.3343770503997803,-0.5705063343048096,0.6813084483146667,-0.030752060934901237,-0.03056388907134533,-0.14101901650428772,-0.23113305866718292,-0.18327513337135315,-0.19711323082447052,-0.05244185030460358,-0.05628793686628342,-0.15894481539726257,-0.2792350947856903,-0.20239564776420593,-0.23666797578334808,3.554485738277435e-05,-0.0010864015202969313,-0.1289086490869522,0.2321699559688568,0.285072922706604,0.26148611307144165,-1.0916365385055542,-1.0935146808624268,2.0971014499664307,1.3500298261642456,-0.2911671996116638,1.8598636388778687,0.06904520094394684,0.06404055655002594,-0.044062066823244095,5.28602933883667,7.092135429382324,5.765005588531494,-1.114527702331543,-1.1162503957748413,0.9110941290855408,1.3681998252868652,0.7825188040733337,1.3264219760894775,-1.2373605966567993,-1.2370518445968628,-0.25348806381225586,0.7085665464401245,1.0961378812789917,0.7044423818588257,-1.1010075807571411,-1.0993070602416992,-0.15259209275245667,-0.060304634273052216,-0.05123618617653847,-0.11677029728889465,1.6303517818450928,1.6348881721496582
148549351,39,-0.1426020711660385,0.11493384838104248,0.6883732676506042,-0.1711394041776657,-0.04160049930214882,-0.17210564017295837,-0.08256623893976212,-0.101386159658432,-0.13296298682689667,-0.08865486085414886,-0.1157187670469284,0.19944046437740326,0.17105481028556824,-0.04159093648195267,-0.014782257378101349,-0.067122682929039,-0.13773207366466522,-0.16813401877880096,-0.17150083184242249,1.2147191762924194,1.20609450340271,-0.21456840634346008,-0.2876565158367157,-0.20492014288902283,-0.284530907869339,0.12994655966758728,0.12535522878170013,-0.21456396579742432,-0.28765231370925903,-0.20492005348205566,-0.28452742099761963,0.13016654551029205,0.12559565901756287,-0.0665961429476738,-0.07811643183231354,-0.04594626650214195,-0.07449295371770859,-0.008954036980867386,-0.008166229352355003,0.7881386280059814,0.590153157711029,-0.18583887815475464,0.6960748434066772,0.07249366492033005,0.0863153263926506,0.8201934099197388,0.7071296572685242,-0.2566564083099365,0.7728543877601624,0.0697806254029274,0.08305604755878448,0.17371897399425507,-0.28234466910362244,-0.5269615650177002,-0.04650319740176201,-0.01488375011831522,-0.007376745343208313,-0.10239771008491516,-0.3626784086227417,-0.3485807180404663,-0.35907864570617676,0.967300534248352,0.9639829397201538,-0.10239330679178238,-0.36266788840293884,-0.3485719859600067,-0.35907039046287537,0.9669352173805237,0.9635883569717407,-0.027712054550647736,-0.045398421585559845,-0.031019777059555054,-0.02764417976140976,1.6435660123825073,1.6440939903259277,-0.12964588403701782,0.4033258557319641,0.43170714378356934,0.41549333930015564,1.0748631954193115,1.0802251100540161,-0.1161491796374321,0.5981467962265015,0.638310968875885,0.620439887046814,1.078129768371582,1.0832996368408203,-0.28355056047439575,-0.29668423533439636,-0.13719189167022705,-0.2992541790008545,0.9343951344490051,0.9280715584754944,-0.11202168464660645,-0.2352643758058548,-0.24564185738563538,-0.16460110247135162,0.0933176726102829,0.08703434467315674,2.0544488430023193,2.3080804347991943,-0.13680574297904968,2.279947519302368,0.009191688150167465,0.011447391472756863,-0.02175244502723217,-0.20146289467811584,-0.21418386697769165,-0.11217492073774338,-0.017225634306669235,-0.018511027097702026,0.9192482233047485,0.3343770503997803,-0.5705063343048096,0.6813084483146667,-0.030752060934901237,-0.03056388907134533,-0.14101901650428772,-0.23113305866718292,-0.18327513337135315,-0.19711323082447052,-0.05244185030460358,-0.05628793686628342,-0.15894481539726257,-0.2792350947856903,-0.20239564776420593,-0.23666797578334808,3.554485738277435e-05,-0.0010864015202969313,-0.18115819990634918,-0.15490762889385223,-0.12456607073545456,-0.149248406291008,1.2571085691452026,1.258139729499817,2.0972330570220947,1.3515722751617432,-0.2882079482078552,1.8609024286270142,-1.1526309251785278,-1.1524180173873901,-0.044062066823244095,-0.3619065284729004,-0.36196714639663696,-0.32037481665611267,-1.114527702331543,-1.1162503957748413,-0.21437065303325653,-0.12417303770780563,0.20539210736751556,-0.19449402391910553,1.6469827890396118,1.6465439796447754,-0.25348806381225586,-0.563698410987854,-0.50225430727005,-0.5523742437362671,-1.1010075807571411,-1.0993070602416992,0.043419770896434784,-0.060304634273052216,-0.0745183601975441,-0.07898072153329849,-0.12223582714796066,-0.12017253786325455
9829411,39,-0.16110584139823914,0.8496423363685608,0.6883732676506042,-0.029036354273557663,-0.04160049930214882,-0.011785951443016529,-0.08256623893976212,-0.1287565976381302,-0.1541970670223236,-0.08404669910669327,-0.14144617319107056,0.14358341693878174,0.17105481028556824,-0.04159093648195267,-0.014782257378101349,-0.06913262605667114,-0.15694878995418549,-0.203762024641037,-0.20479921996593475,-1.1086472272872925,-1.1031450033187866,-0.2579255700111389,-0.31346333026885986,-0.2049199938774109,-0.3201855421066284,0.07212644815444946,0.12535522878170013,-0.25792279839515686,-0.3134594261646271,-0.20491991937160492,-0.3201829195022583,0.07234534621238708,0.12559565901756287,-0.06661432236433029,-0.0781322568655014,-0.04594626650214195,-0.07451064139604568,-0.008954036980867386,-0.008166229352355003,-0.318819522857666,-0.37033385038375854,-0.18583887815475464,-0.35312017798423767,0.07249366492033005,0.0863153263926506,-0.3182245194911957,-0.3884321451187134,-0.2566564083099365,-0.35701096057891846,0.0697806254029274,0.08305604755878448,-0.6517593264579773,-0.9950557351112366,-0.5269615650177002,-0.8751375079154968,-0.01488375011831522,-0.007376745343208313,-0.10239877551794052,-0.38716158270835876,-0.3733271062374115,-0.3834259510040283,-1.4064083099365234,-1.403112769126892,-0.10239437222480774,-0.3871513605117798,-0.3733184039592743,-0.38341766595840454,-1.4071332216262817,-1.4039455652236938,-0.027712054550647736,-0.045403461903333664,-0.031025324016809464,-0.02764982171356678,-0.34087756276130676,-0.3408975601196289,-0.1299380511045456,-0.41307538747787476,-0.4003961384296417,-0.41293254494667053,-0.3044172525405884,-0.29975003004074097,-0.11646962910890579,-0.45771947503089905,-0.4474451541900635,-0.46018099784851074,-0.3197062015533447,-0.3150494396686554,-0.35255804657936096,-0.9360553622245789,-0.8222333192825317,-0.8818196058273315,-1.5124132633209229,-1.5194768905639648,-0.11868717521429062,-0.23801030218601227,-0.2409178465604782,-0.1702435165643692,-0.2696046233177185,0.08703434467315674,2.0544071197509766,2.308032274246216,-0.13680574297904968,2.279900550842285,0.009191688150167465,0.011447391472756863,-0.03068200871348381,-0.16576091945171356,-0.164103165268898,-0.08524839580059052,1.6096851825714111,1.7198079824447632,0.3886130154132843,1.2801493406295776,0.9178280234336853,0.9553066492080688,2.042280435562134,2.04024338722229,-0.14101901650428772,-0.1806638240814209,-0.10629930347204208,-0.1732347160577774,1.7410825490951538,1.7378379106521606,-0.15999388694763184,-0.2792350947856903,-0.20170435309410095,-0.2368948608636856,1.8814618587493896,1.8814582824707031,-0.17275600135326385,-0.1582539826631546,-0.12891416251659393,-0.1520087867975235,1.2571085691452026,1.258139729499817,2.0971014499664307,1.3733595609664917,-0.2434244155883789,1.8746508359909058,-1.1526309251785278,-1.1524180173873901,-0.0686868205666542,-0.13740898668766022,-0.056971706449985504,-0.08559630811214447,1.448188066482544,1.4453790187835693,0.3483617305755615,-0.12417303770780563,-0.371734619140625,0.10968917608261108,1.6469827890396118,1.6465439796447754,-0.25348806381225586,-0.5189453363418579,-0.4460294842720032,-0.5081645846366882,1.471055269241333,1.4701541662216187,0.043419770896434784,-0.060304634273052216,-0.0745183601975441,-0.07898072153329849,-0.12223582714796066,-0.12017253786325455
